{"stats":{"minecraft:killed":{"minecraft:chicken":2},"minecraft:crafted":{"minecraft:oak_planks":16},"minecraft:mined":{"minecraft:grass":6,"minecraft:grass_block":2,"minecraft:oak_log":4,"minecraft:sugar_cane":3,"minecraft:oak_leaves":2},"minecraft:picked_up":{"minecraft:feather":2,"minecraft:chicken":2,"minecraft:oak_log":4,"minecraft:sugar_cane":7,"minecraft:dirt":1},"minecraft:custom":{"minecraft:time_since_rest":6822,"minecraft:play_time":6822,"minecraft:crouch_one_cm":214,"minecraft:sprint_one_cm":5326,"minecraft:damage_taken":40,"minecraft:walk_one_cm":4610,"minecraft:sneak_time":26,"minecraft:mob_kills":2,"minecraft:jump":31,"minecraft:damage_dealt":80,"minecraft:time_since_death":6822,"minecraft:total_world_time":6822,"minecraft:fall_one_cm":1228,"minecraft:fly_one_cm":6896}},"DataVersion":2865}