{"stats":{"minecraft:picked_up":{"minecraft:stick":7,"minecraft:crafting_table":5,"minecraft:pumpkin":1,"minecraft:salmon":5,"minecraft:leather":6,"minecraft:wooden_pickaxe":1,"minecraft:spruce_sapling":7,"minecraft:spruce_log":22,"minecraft:blue_bed":3,"minecraft:bone":2,"minecraft:wheat_seeds":1,"minecraft:spruce_planks":35,"minecraft:beef":9,"minecraft:sugar_cane":7,"minecraft:coal":4,"minecraft:iron_sword":5,"minecraft:white_wool":1,"minecraft:cobblestone":19},"minecraft:killed_by":{"minecraft:player":2},"minecraft:killed":{"minecraft:salmon":5,"minecraft:villager":2},"minecraft:dropped":{"minecraft:iron_sword":2,"minecraft:stick":1},"minecraft:mined":{"minecraft:large_fern":1,"minecraft:seagrass":1,"minecraft:spruce_log":22,"minecraft:crafting_table":3,"minecraft:coal_ore":7,"minecraft:spruce_leaves":3,"minecraft:stone":21,"minecraft:sugar_cane":2,"minecraft:blue_bed":1},"minecraft:used":{"minecraft:stone_pickaxe":13,"minecraft:wooden_pickaxe":17,"minecraft:iron_sword":17,"minecraft:spruce_sapling":3,"minecraft:stone_axe":9,"minecraft:crafting_table":3,"minecraft:spruce_log":4},"minecraft:crafted":{"minecraft:cooked_beef":3,"minecraft:wooden_shovel":1,"minecraft:spruce_planks":72,"minecraft:stick":8,"minecraft:wooden_pickaxe":1,"minecraft:stone_pickaxe":1,"minecraft:spruce_boat":1,"minecraft:stone_axe":1},"minecraft:custom":{"minecraft:time_since_rest":8734,"minecraft:interact_with_furnace":2,"minecraft:sprint_one_cm":18035,"minecraft:damage_taken":541,"minecraft:walk_one_cm":116838,"minecraft:mob_kills":7,"minecraft:drop":3,"minecraft:damage_dealt":686,"minecraft:swim_one_cm":10383,"minecraft:interact_with_crafting_table":7,"minecraft:fly_one_cm":5295,"minecraft:open_chest":6,"minecraft:crouch_one_cm":363,"minecraft:play_time":41538,"minecraft:deaths":2,"minecraft:sneak_time":66,"minecraft:bell_ring":9,"minecraft:walk_under_water_one_cm":3908,"minecraft:jump":77,"minecraft:walk_on_water_one_cm":2583,"minecraft:time_since_death":17844,"minecraft:sleep_in_bed":2,"minecraft:total_world_time":41538,"minecraft:fall_one_cm":687}},"DataVersion":2865}