{"stats":{"minecraft:killed":{"minecraft:spider":4,"minecraft:creeper":1,"minecraft:sheep":2,"minecraft:skeleton":1,"minecraft:zombie":2,"minecraft:player":2},"minecraft:dropped":{"minecraft:iron_sword":2},"minecraft:used":{"minecraft:chest":1,"minecraft:iron_sword":44,"minecraft:torch":2,"minecraft:crafting_table":1,"minecraft:apple":4,"minecraft:bread":3,"minecraft:iron_pickaxe":48,"minecraft:stone_axe":33,"minecraft:wooden_sword":4,"minecraft:furnace":1,"minecraft:potato":2},"minecraft:picked_up":{"minecraft:iron_chestplate":2,"minecraft:potato":8,"minecraft:string":5,"minecraft:dirt":81,"minecraft:bone":2,"minecraft:apple":1,"minecraft:spruce_planks":66,"minecraft:iron_ingot":4,"minecraft:iron_pickaxe":2,"minecraft:chest":1,"minecraft:iron_sword":5,"minecraft:iron_boots":2,"minecraft:stick":14,"minecraft:pumpkin":22,"minecraft:sweet_berries":78,"minecraft:torch":3,"minecraft:spruce_sapling":31,"minecraft:spruce_log":38,"minecraft:iron_horse_armor":2,"minecraft:arrow":6,"minecraft:rotten_flesh":2,"minecraft:stone_axe":2,"minecraft:iron_helmet":2,"minecraft:saddle":2,"minecraft:emerald":6,"minecraft:bread":14,"minecraft:oak_sapling":14,"minecraft:mutton":10,"minecraft:coal":8,"minecraft:white_wool":3,"minecraft:cobblestone":104},"minecraft:custom":{"minecraft:interact_with_furnace":3,"minecraft:mob_kills":12,"minecraft:interact_with_crafting_table":4,"minecraft:bell_ring":3,"minecraft:leave_game":2,"minecraft:time_since_death":0,"minecraft:sleep_in_bed":3,"minecraft:time_since_rest":3177,"minecraft:sprint_one_cm":65311,"minecraft:damage_taken":1238,"minecraft:walk_one_cm":132806,"minecraft:drop":2,"minecraft:damage_dealt":2319,"minecraft:swim_one_cm":14976,"minecraft:talked_to_villager":4,"minecraft:fly_one_cm":78354,"minecraft:player_kills":2,"minecraft:open_chest":11,"minecraft:crouch_one_cm":1057,"minecraft:play_time":58187,"minecraft:deaths":3,"minecraft:sneak_time":156,"minecraft:walk_under_water_one_cm":541,"minecraft:jump":461,"minecraft:walk_on_water_one_cm":676,"minecraft:interact_with_smoker":1,"minecraft:total_world_time":58187,"minecraft:fall_one_cm":11110},"minecraft:mined":{"minecraft:torch":3,"minecraft:grass_block":7,"minecraft:chest":1,"minecraft:spruce_leaves":7,"minecraft:large_fern":4,"minecraft:seagrass":1,"minecraft:spruce_log":24,"minecraft:pumpkin":12,"minecraft:coal_ore":5,"minecraft:dirt":8,"minecraft:stone":42},"minecraft:crafted":{"minecraft:wooden_sword":1,"minecraft:crafting_table":1,"minecraft:spruce_planks":60,"minecraft:iron_helmet":1,"minecraft:furnace":1,"minecraft:stone_axe":1,"minecraft:stick":16},"minecraft:killed_by":{"minecraft:creeper":1,"minecraft:zombie":1,"minecraft:iron_golem":1}},"DataVersion":2865}