{"stats":{"minecraft:killed_by":{"minecraft:iron_golem":1},"minecraft:picked_up":{"minecraft:iron_chestplate":1,"minecraft:stick":7,"minecraft:pumpkin":11,"minecraft:sweet_berries":39,"minecraft:potato":5,"minecraft:spruce_sapling":16,"minecraft:spruce_log":27,"minecraft:dirt":46,"minecraft:iron_horse_armor":1,"minecraft:string":3,"minecraft:bone":2,"minecraft:arrow":4,"minecraft:rotten_flesh":1,"minecraft:apple":1,"minecraft:stone_axe":1,"minecraft:spruce_planks":44,"minecraft:iron_helmet":1,"minecraft:iron_ingot":2,"minecraft:emerald":3,"minecraft:saddle":1,"minecraft:bread":7,"minecraft:iron_pickaxe":1,"minecraft:oak_sapling":7,"minecraft:mutton":6,"minecraft:iron_sword":3,"minecraft:coal":8,"minecraft:cobblestone":72,"minecraft:white_wool":2,"minecraft:iron_boots":1},"minecraft:mined":{"minecraft:large_fern":3,"minecraft:seagrass":1,"minecraft:spruce_log":21,"minecraft:pumpkin":12,"minecraft:grass_block":7,"minecraft:coal_ore":5,"minecraft:dirt":8,"minecraft:spruce_leaves":5,"minecraft:stone":42},"minecraft:dropped":{"minecraft:iron_sword":2},"minecraft:custom":{"minecraft:time_since_rest":13174,"minecraft:interact_with_furnace":2,"minecraft:sprint_one_cm":50573,"minecraft:damage_taken":738,"minecraft:walk_one_cm":123224,"minecraft:mob_kills":9,"minecraft:drop":2,"minecraft:damage_dealt":1764,"minecraft:interact_with_crafting_table":3,"minecraft:player_kills":2,"minecraft:swim_one_cm":14976,"minecraft:fly_one_cm":67094,"minecraft:talked_to_villager":4,"minecraft:open_chest":10,"minecraft:play_time":47635,"minecraft:crouch_one_cm":1057,"minecraft:deaths":1,"minecraft:bell_ring":3,"minecraft:sneak_time":156,"minecraft:walk_under_water_one_cm":541,"minecraft:jump":419,"minecraft:leave_game":1,"minecraft:time_since_death":20600,"minecraft:walk_on_water_one_cm":676,"minecraft:sleep_in_bed":3,"minecraft:total_world_time":47635,"minecraft:interact_with_smoker":1,"minecraft:fall_one_cm":10007},"minecraft:used":{"minecraft:apple":3,"minecraft:bread":2,"minecraft:iron_pickaxe":48,"minecraft:iron_sword":35,"minecraft:stone_axe":33,"minecraft:furnace":1,"minecraft:potato":2},"minecraft:crafted":{"minecraft:spruce_planks":48,"minecraft:stick":8,"minecraft:iron_helmet":1,"minecraft:furnace":1,"minecraft:stone_axe":1},"minecraft:killed":{"minecraft:sheep":2,"minecraft:skeleton":1,"minecraft:zombie":1,"minecraft:spider":4,"minecraft:player":2,"minecraft:creeper":1}},"DataVersion":2865}